<?xml version="1.0" encoding="utf-8"?>
<manifest identifier="com.SimpleCycleStudioTeste_SCS" version="1.0" xmlns="http://www.imsproject.org/xsd/imscp_rootv1p1p2" xmlns:adlcp="http://www.adlnet.org/xsd/adlcp_rootv1p2" xmlns:xsi="http://www.w3.org/2001/XMLSchema-instance" xsi:schemaLocation="http://www.imsproject.org/xsd/imscp_rootv1p1p2 imscp_rootv1p1p2.xsd http://www.imsglobal.org/xsd/imsmd_rootv1p2p1 imsmd_rootv1p2p1.xsd http://www.adlnet.org/xsd/adlcp_rootv1p2 adlcp_rootv1p2.xsd">
  <metadata>
    <schema>ADL SCORM</schema>
    <schemaversion>1.2</schemaversion>
    <lom xmlns="http://ltsc.ieee.org/xsd/LOM" xmlns:xsi="http://www.w3.org/2001/XMLSchema-instance" xsi:schemaLocation="http://ltsc.ieee.org/xsd/LOM lom.xsd">
      <general>
        <title>
          <string language="pt">SimpleCycleStudio</string>
        </title>
        <language>Português</language>
      </general>
      <technical>
        <format>text/html</format>
        <requirement>
          <orComposite>
            <type>
              <source>LOMv1.0</source>
              <value>browser</value>
            </type>
            <name>
              <source>LOMv1.0</source>
              <value>any</value>
            </name>
          </orComposite>
        </requirement>
        <otherPlatformRequirements>
          <string language="pt">HTML5-compliant web browser</string>
        </otherPlatformRequirements>
      </technical>
      <educational>
        <interactivityType>
          <source>LOMv1.0</source>
          <value>active</value>
        </interactivityType>
        <interactivityLevel>
          <source>LOMv1.0</source>
          <value>very high</value>
        </interactivityLevel>
        <intendedEndUserRole>
          <source>LOMv1.0</source>
          <value>learner</value>
        </intendedEndUserRole>
        <context>
          <source>LOMv1.0</source>
          <value>school</value>
        </context>
        <language>pt</language>
      </educational>
    </lom>
  </metadata>
  <organizations default="com.SimpleCycleStudio">
    <organization identifier="com.SimpleCycleStudio">
      <title>SimpleCycleStudioTeste</title>
      <item identifier="com.SimpleCycleStudioTeste_SCS" identifierref="scs_resource" isvisible="true">
        <title>SimpleCycleStudioTeste</title>
        <adlcp:masteryscore>0</adlcp:masteryscore>
      </item>
    </organization>
  </organizations>
  <resources>
    <resource identifier="scs_resource" type="webcontent" adlcp:scormtype="sco" href="/index.html">
      <file href="/index.html"/>
    </resource>
  </resources>
</manifest>